token_id,metadata_json_path,image_cid_placeholder,metadata_cid,recipient_address
1,fusion_enft/metadata_token_1.json,<YOUR_IMAGE_CID>,<METADATA_CID_1>,0x57d958b9dd489c71e2872877ad2d7283c09b4da9
2,fusion_enft/metadata_token_2.json,<YOUR_IMAGE_CID>,<METADATA_CID_2>,0x57d958b9dd489c71e2872877ad2d7283c09b4da9
3,fusion_enft/metadata_token_3.json,<YOUR_IMAGE_CID>,<METADATA_CID_3>,0x57d958b9dd489c71e2872877ad2d7283c09b4da9
4,fusion_enft/metadata_token_4.json,<YOUR_IMAGE_CID>,<METADATA_CID_4>,0x57d958b9dd489c71e2872877ad2d7283c09b4da9
5,fusion_enft/metadata_token_5.json,<YOUR_IMAGE_CID>,<METADATA_CID_5>,0x57d958b9dd489c71e2872877ad2d7283c09b4da9
